motif_id	motif_alt_id	sequence_name	start	stop	strand	score	p-value	q-value	matched_sequence
1-HAAGGCA	STREME-1	chr11	6472290	6472296	-	10.2683	6.51e-05	0.004	AAAGGCA
1-HAAGGCA	STREME-1	chr11	6473162	6473168	-	10.2683	6.51e-05	0.004	AAAGGCA
1-HAAGGCA	STREME-1	chr19	23722716	23722722	-	10.2683	6.51e-05	0.004	AAAGGCA
1-HAAGGCA	STREME-1	chr8	25041272	25041278	-	10.2683	6.51e-05	0.004	AAAGGCA
1-HAAGGCA	STREME-1	chr19	27335851	27335857	-	10.2683	6.51e-05	0.004	AAAGGCA
1-HAAGGCA	STREME-1	chrX	38194860	38194866	-	10.2683	6.51e-05	0.004	AAAGGCA
1-HAAGGCA	STREME-1	chrX	38194952	38194958	-	10.2683	6.51e-05	0.004	AAAGGCA
1-HAAGGCA	STREME-1	chr6	38509723	38509729	-	10.2683	6.51e-05	0.004	AAAGGCA
1-HAAGGCA	STREME-1	chr3	40790440	40790446	-	10.2683	6.51e-05	0.004	AAAGGCA
1-HAAGGCA	STREME-1	chr9	66043372	66043378	-	10.2683	6.51e-05	0.004	AAAGGCA
1-HAAGGCA	STREME-1	chr5	67288088	67288094	-	10.2683	6.51e-05	0.004	AAAGGCA
1-HAAGGCA	STREME-1	chr13	83665655	83665661	-	10.2683	6.51e-05	0.004	AAAGGCA
1-HAAGGCA	STREME-1	chr16	84863401	84863407	-	10.2683	6.51e-05	0.004	AAAGGCA
1-HAAGGCA	STREME-1	chr11	89038231	89038237	-	10.2683	6.51e-05	0.004	AAAGGCA
1-HAAGGCA	STREME-1	chr12	91557149	91557155	-	10.2683	6.51e-05	0.004	AAAGGCA
1-HAAGGCA	STREME-1	chr5	93182589	93182595	-	10.2683	6.51e-05	0.004	AAAGGCA
1-HAAGGCA	STREME-1	chr15	98540335	98540341	-	10.2683	6.51e-05	0.004	AAAGGCA
1-HAAGGCA	STREME-1	chr7	100644038	100644044	-	10.2683	6.51e-05	0.004	AAAGGCA
1-HAAGGCA	STREME-1	chr3	103965841	103965847	-	10.2683	6.51e-05	0.004	AAAGGCA
1-HAAGGCA	STREME-1	chr1	131932808	131932814	-	10.2683	6.51e-05	0.004	AAAGGCA
1-HAAGGCA	STREME-1	chrX	142083510	142083516	-	10.2683	6.51e-05	0.004	AAAGGCA
1-HAAGGCA	STREME-1	chr1	170195337	170195343	-	10.2683	6.51e-05	0.004	AAAGGCA
1-HAAGGCA	STREME-1	chr2	181856674	181856680	-	10.2683	6.51e-05	0.004	AAAGGCA
1-HAAGGCA	STREME-1	chr9	13845815	13845821	-	10.1707	0.00013	0.00541	TAAGGCA
1-HAAGGCA	STREME-1	chr19	18934150	18934156	-	10.1707	0.00013	0.00541	TAAGGCA
1-HAAGGCA	STREME-1	chr19	23722678	23722684	-	10.1707	0.00013	0.00541	TAAGGCA
1-HAAGGCA	STREME-1	chr15	31295178	31295184	-	10.1707	0.00013	0.00541	TAAGGCA
1-HAAGGCA	STREME-1	chr9	32263608	32263614	-	10.1707	0.00013	0.00541	TAAGGCA
1-HAAGGCA	STREME-1	chr3	40794580	40794586	-	10.1707	0.00013	0.00541	TAAGGCA
1-HAAGGCA	STREME-1	chr11	89038638	89038644	-	10.1707	0.00013	0.00541	TAAGGCA
1-HAAGGCA	STREME-1	chr13	96638744	96638750	-	10.1707	0.00013	0.00541	TAAGGCA
1-HAAGGCA	STREME-1	chr2	120860798	120860804	-	10.1707	0.00013	0.00541	TAAGGCA
1-HAAGGCA	STREME-1	chr1	178250751	178250757	-	10.1707	0.00013	0.00541	TAAGGCA
1-HAAGGCA	STREME-1	chr8	13417613	13417619	-	9.91463	0.000184	0.00541	CAAGGCA
1-HAAGGCA	STREME-1	chr16	16422229	16422235	-	9.91463	0.000184	0.00541	CAAGGCA
1-HAAGGCA	STREME-1	chr16	32389462	32389468	-	9.91463	0.000184	0.00541	CAAGGCA
1-HAAGGCA	STREME-1	chr17	32770353	32770359	-	9.91463	0.000184	0.00541	CAAGGCA
1-HAAGGCA	STREME-1	chr4	33050899	33050905	-	9.91463	0.000184	0.00541	CAAGGCA
1-HAAGGCA	STREME-1	chr7	35582297	35582303	-	9.91463	0.000184	0.00541	CAAGGCA
1-HAAGGCA	STREME-1	chr11	77531819	77531825	-	9.91463	0.000184	0.00541	CAAGGCA
1-HAAGGCA	STREME-1	chr6	83365842	83365848	-	9.91463	0.000184	0.00541	CAAGGCA
1-HAAGGCA	STREME-1	chr13	83664933	83664939	-	9.91463	0.000184	0.00541	CAAGGCA
1-HAAGGCA	STREME-1	chr10	85116563	85116569	-	9.91463	0.000184	0.00541	CAAGGCA
1-HAAGGCA	STREME-1	chr11	89038720	89038726	-	9.91463	0.000184	0.00541	CAAGGCA
1-HAAGGCA	STREME-1	chr1	139229955	139229961	-	9.91463	0.000184	0.00541	CAAGGCA
1-HAAGGCA	STREME-1	chrX	142082227	142082233	-	9.91463	0.000184	0.00541	CAAGGCA
1-HAAGGCA	STREME-1	chrX	142083548	142083554	-	9.91463	0.000184	0.00541	CAAGGCA
1-HAAGGCA	STREME-1	chr2	167101745	167101751	-	9.91463	0.000184	0.00541	CAAGGCA
1-HAAGGCA	STREME-1	chr19	23722764	23722770	-	9.39024	0.000237	0.00599	GAAGGCA
1-HAAGGCA	STREME-1	chr8	26028913	26028919	-	9.39024	0.000237	0.00599	GAAGGCA
1-HAAGGCA	STREME-1	chr6	39606536	39606542	-	9.39024	0.000237	0.00599	GAAGGCA
1-HAAGGCA	STREME-1	chr13	48879750	48879756	-	9.39024	0.000237	0.00599	GAAGGCA
1-HAAGGCA	STREME-1	chr5	76214599	76214605	-	9.39024	0.000237	0.00599	GAAGGCA
1-HAAGGCA	STREME-1	chr3	116274580	116274586	-	9.39024	0.000237	0.00599	GAAGGCA
1-HAAGGCA	STREME-1	chr6	119352305	119352311	-	9.39024	0.000237	0.00599	GAAGGCA
1-HAAGGCA	STREME-1	chr2	167102500	167102506	-	9.39024	0.000237	0.00599	GAAGGCA
1-HAAGGCA	STREME-1	chr11	77533094	77533100	-	9.30488	0.000291	0.00721	AGAGGCA
1-HAAGGCA	STREME-1	chr6	38508187	38508193	-	9.20732	0.000344	0.00839	TGAGGCA
1-HAAGGCA	STREME-1	chr9	52113054	52113060	-	8.95122	0.000453	0.0105	AATGGCA
1-HAAGGCA	STREME-1	chr5	76214644	76214650	-	8.95122	0.000453	0.0105	CGAGGCA
1-HAAGGCA	STREME-1	chr1	119655753	119655759	-	8.95122	0.000453	0.0105	AATGGCA
1-HAAGGCA	STREME-1	chr2	6543603	6543609	-	8.85366	0.000518	0.0108	TATGGCA
1-HAAGGCA	STREME-1	chr2	6543603	6543609	-	8.85366	0.000518	0.0108	TATGGCA
1-HAAGGCA	STREME-1	chr2	6543603	6543609	-	8.85366	0.000518	0.0108	TATGGCA
1-HAAGGCA	STREME-1	chr11	77536801	77536807	-	8.85366	0.000518	0.0108	TATGGCA
1-HAAGGCA	STREME-1	chr4	155558529	155558535	-	8.85366	0.000518	0.0108	TATGGCA
1-HAAGGCA	STREME-1	chr4	155558529	155558535	-	8.85366	0.000518	0.0108	TATGGCA
1-HAAGGCA	STREME-1	chr15	3983767	3983773	-	8.59756	0.000572	0.0108	CATGGCA
1-HAAGGCA	STREME-1	chr19	23728516	23728522	-	8.59756	0.000572	0.0108	CATGGCA
1-HAAGGCA	STREME-1	chr19	23728516	23728522	-	8.59756	0.000572	0.0108	CATGGCA
1-HAAGGCA	STREME-1	chr14	33379495	33379501	-	8.59756	0.000572	0.0108	CATGGCA
1-HAAGGCA	STREME-1	chr1	131935098	131935104	-	8.59756	0.000572	0.0108	CATGGCA
1-HAAGGCA	STREME-1	chr2	181868721	181868727	-	8.59756	0.000572	0.0108	CATGGCA
1-HAAGGCA	STREME-1	chr2	181868721	181868727	-	8.59756	0.000572	0.0108	CATGGCA
1-HAAGGCA	STREME-1	chr16	16422283	16422289	-	8.5122	0.000625	0.0108	AAAGGCC
1-HAAGGCA	STREME-1	chr8	34830620	34830626	-	8.5122	0.000625	0.0108	AAAGGCC
1-HAAGGCA	STREME-1	chr8	40493782	40493788	-	8.5122	0.000625	0.0108	AAAGGCC
1-HAAGGCA	STREME-1	chr3	58592278	58592284	-	8.5122	0.000625	0.0108	AAAGGCC
1-HAAGGCA	STREME-1	chr19	60835482	60835488	-	8.5122	0.000625	0.0108	AAAGGCC
1-HAAGGCA	STREME-1	chrX	94275392	94275398	-	8.5122	0.000625	0.0108	AAAGGCC
1-HAAGGCA	STREME-1	chr10	111294154	111294160	-	8.5122	0.000625	0.0108	AAAGGCC
1-HAAGGCA	STREME-1	chrX	160798343	160798349	-	8.5122	0.000625	0.0108	AAAGGCC
1-HAAGGCA	STREME-1	chr3	22213794	22213800	-	8.42683	0.000669	0.0114	GGAGGCA
1-HAAGGCA	STREME-1	chr8	40493834	40493840	-	8.41463	0.000722	0.0119	TAAGGCC
1-HAAGGCA	STREME-1	chr7	100644009	100644015	-	8.41463	0.000722	0.0119	TAAGGCC
1-HAAGGCA	STREME-1	chr2	102301562	102301568	-	8.41463	0.000722	0.0119	TAAGGCC
1-HAAGGCA	STREME-1	chr8	13419983	13419989	-	8.15854	0.000846	0.0131	CAAGGCC
1-HAAGGCA	STREME-1	chr19	27335938	27335944	-	8.15854	0.000846	0.0131	CAAGGCC
1-HAAGGCA	STREME-1	chr9	52087284	52087290	-	8.15854	0.000846	0.0131	CAAGGCC
1-HAAGGCA	STREME-1	chr9	59392275	59392281	-	8.15854	0.000846	0.0131	CAAGGCC
1-HAAGGCA	STREME-1	chr1	66698690	66698696	-	8.15854	0.000846	0.0131	CAAGGCC
1-HAAGGCA	STREME-1	chr13	96638790	96638796	-	8.09756	0.00099	0.0152	ATAGGCA
1-HAAGGCA	STREME-1	chr11	77536815	77536821	-	8.07317	0.00104	0.0157	GATGGCA
1-HAAGGCA	STREME-1	chr1	157137305	157137311	-	8.07317	0.00104	0.0157	GATGGCA
1-HAAGGCA	STREME-1	chr16	56272077	56272083	-	7.9878	0.00116	0.0171	AGTGGCA
1-HAAGGCA	STREME-1	chr16	56272077	56272083	-	7.9878	0.00116	0.0171	AGTGGCA
1-HAAGGCA	STREME-1	chr9	52112953	52112959	-	7.63415	0.00142	0.0201	GAAGGCC
1-HAAGGCA	STREME-1	chr5	67290136	67290142	-	7.63415	0.00142	0.0201	GAAGGCC
1-HAAGGCA	STREME-1	chr11	88341106	88341112	-	7.63415	0.00142	0.0201	GAAGGCC
1-HAAGGCA	STREME-1	chr3	97739605	97739611	-	7.63415	0.00142	0.0201	GAAGGCC
1-HAAGGCA	STREME-1	chr12	40034601	40034607	-	7.2561	0.00163	0.0206	ACAGGCA
1-HAAGGCA	STREME-1	chr7	100644174	100644180	-	7.2561	0.00163	0.0206	ACAGGCA
1-HAAGGCA	STREME-1	chr16	66658253	66658259	-	7.23171	0.00169	0.0206	AGAGGTA
1-HAAGGCA	STREME-1	chr16	66658253	66658259	-	7.23171	0.00169	0.0206	AGAGGTA
1-HAAGGCA	STREME-1	chr16	66658253	66658259	-	7.23171	0.00169	0.0206	AGAGGTA
1-HAAGGCA	STREME-1	chr16	66658253	66658259	-	7.23171	0.00169	0.0206	AGAGGTA
1-HAAGGCA	STREME-1	chr16	66658253	66658259	-	7.23171	0.00169	0.0206	AGAGGTA
1-HAAGGCA	STREME-1	chr16	66658253	66658259	-	7.23171	0.00169	0.0206	AGAGGTA
1-HAAGGCA	STREME-1	chrX	142082151	142082157	-	7.23171	0.00169	0.0206	AGAGGTA
1-HAAGGCA	STREME-1	chrX	142082151	142082157	-	7.23171	0.00169	0.0206	AGAGGTA
1-HAAGGCA	STREME-1	chrX	142082151	142082157	-	7.23171	0.00169	0.0206	AGAGGTA
1-HAAGGCA	STREME-1	chrX	142082154	142082160	-	7.23171	0.00169	0.0206	AGAGGTA
1-HAAGGCA	STREME-1	chr16	44160806	44160812	-	7.21951	0.00175	0.0206	GTAGGCA
1-HAAGGCA	STREME-1	chr1	66439802	66439808	-	7.19512	0.00184	0.0206	AATGGCC
1-HAAGGCA	STREME-1	chr5	76214614	76214620	-	7.19512	0.00184	0.0206	AATGGCC
1-HAAGGCA	STREME-1	chr11	74677199	74677205	-	7.15854	0.00189	0.0206	TCAGGCA
1-HAAGGCA	STREME-1	chr9	32263508	32263514	-	7.13415	0.00195	0.0206	TGAGGTA
1-HAAGGCA	STREME-1	chr9	32263508	32263514	-	7.13415	0.00195	0.0206	TGAGGTA
1-HAAGGCA	STREME-1	chr9	32263508	32263514	-	7.13415	0.00195	0.0206	TGAGGTA
1-HAAGGCA	STREME-1	chr9	32263508	32263514	-	7.13415	0.00195	0.0206	TGAGGTA
1-HAAGGCA	STREME-1	chr9	32263508	32263514	-	7.13415	0.00195	0.0206	TGAGGTA
1-HAAGGCA	STREME-1	chr16	56272434	56272440	-	7.13415	0.00195	0.0206	TGAGGTA
1-HAAGGCA	STREME-1	chr16	56272434	56272440	-	7.13415	0.00195	0.0206	TGAGGTA
1-HAAGGCA	STREME-1	chr16	56272434	56272440	-	7.13415	0.00195	0.0206	TGAGGTA
1-HAAGGCA	STREME-1	chr16	56272434	56272440	-	7.13415	0.00195	0.0206	TGAGGTA
1-HAAGGCA	STREME-1	chr16	56272434	56272440	-	7.13415	0.00195	0.0206	TGAGGTA
1-HAAGGCA	STREME-1	chr16	56272434	56272440	-	7.13415	0.00195	0.0206	TGAGGTA
1-HAAGGCA	STREME-1	chr16	56272434	56272440	-	7.13415	0.00195	0.0206	TGAGGTA
1-HAAGGCA	STREME-1	chr16	56272434	56272440	-	7.13415	0.00195	0.0206	TGAGGTA
1-HAAGGCA	STREME-1	chr16	56272434	56272440	-	7.13415	0.00195	0.0206	TGAGGTA
1-HAAGGCA	STREME-1	chr1	151821026	151821032	-	7.13415	0.00195	0.0206	TGAGGTA
1-HAAGGCA	STREME-1	chr1	151821026	151821032	-	7.13415	0.00195	0.0206	TGAGGTA
1-HAAGGCA	STREME-1	chr1	151821026	151821032	-	7.13415	0.00195	0.0206	TGAGGTA
1-HAAGGCA	STREME-1	chr1	151821026	151821032	-	7.13415	0.00195	0.0206	TGAGGTA
1-HAAGGCA	STREME-1	chr3	40795552	40795558	-	7.10976	0.002	0.0208	GGTGGCA
1-HAAGGCA	STREME-1	chrX	160798330	160798336	-	7.10976	0.002	0.0208	GGTGGCA
1-HAAGGCA	STREME-1	chr11	89038250	89038256	-	6.90244	0.0021	0.0216	CCAGGCA
1-HAAGGCA	STREME-1	chr1	58526655	58526661	-	6.78049	0.00242	0.0234	ATTGGCA
1-HAAGGCA	STREME-1	chr7	100644246	100644252	-	6.78049	0.00242	0.0234	ATTGGCA
1-HAAGGCA	STREME-1	chr15	3983723	3983729	-	6.68293	0.00248	0.0234	TTTGGCA
1-HAAGGCA	STREME-1	chr15	3983723	3983729	-	6.68293	0.00248	0.0234	TTTGGCA
1-HAAGGCA	STREME-1	chr19	23727395	23727401	-	6.68293	0.00248	0.0234	TTTGGCA
1-HAAGGCA	STREME-1	chr14	33379510	33379516	-	6.68293	0.00248	0.0234	TTTGGCA
1-HAAGGCA	STREME-1	chr14	33379510	33379516	-	6.68293	0.00248	0.0234	TTTGGCA
1-HAAGGCA	STREME-1	chr1	58527861	58527867	-	6.68293	0.00248	0.0234	TTTGGCA
1-HAAGGCA	STREME-1	chr16	66661791	66661797	-	6.68293	0.00248	0.0234	TTTGGCA
1-HAAGGCA	STREME-1	chr16	66661791	66661797	-	6.68293	0.00248	0.0234	TTTGGCA
1-HAAGGCA	STREME-1	chr13	97128701	97128707	-	6.68293	0.00248	0.0234	TTTGGCA
1-HAAGGCA	STREME-1	chr13	97128701	97128707	-	6.68293	0.00248	0.0234	TTTGGCA
1-HAAGGCA	STREME-1	chr15	100015176	100015182	-	6.68293	0.00248	0.0234	TTTGGCA
1-HAAGGCA	STREME-1	chr7	12494674	12494680	-	6.42683	0.0027	0.0241	CTTGGCA
1-HAAGGCA	STREME-1	chr7	12494674	12494680	-	6.42683	0.0027	0.0241	CTTGGCA
1-HAAGGCA	STREME-1	chr19	23728486	23728492	-	6.42683	0.0027	0.0241	CTTGGCA
1-HAAGGCA	STREME-1	chr19	23728486	23728492	-	6.42683	0.0027	0.0241	CTTGGCA
1-HAAGGCA	STREME-1	chr1	80266007	80266013	-	6.42683	0.0027	0.0241	CTTGGCA
1-HAAGGCA	STREME-1	chr1	80266007	80266013	-	6.42683	0.0027	0.0241	CTTGGCA
1-HAAGGCA	STREME-1	chr12	91557108	91557114	-	6.42683	0.0027	0.0241	CTTGGCA
1-HAAGGCA	STREME-1	chr19	11776078	11776084	-	6.37805	0.00275	0.0241	GCAGGCA
1-HAAGGCA	STREME-1	chr11	49674217	49674223	-	6.37805	0.00275	0.0241	GCAGGCA
1-HAAGGCA	STREME-1	chr16	16422350	16422356	-	6.35366	0.0028	0.0241	GGAGGTA
1-HAAGGCA	STREME-1	chr16	16422350	16422356	-	6.35366	0.0028	0.0241	GGAGGTA
1-HAAGGCA	STREME-1	chr16	16422350	16422356	-	6.35366	0.0028	0.0241	GGAGGTA
1-HAAGGCA	STREME-1	chr6	38508232	38508238	-	6.35366	0.0028	0.0241	GGAGGTA
1-HAAGGCA	STREME-1	chr6	38508232	38508238	-	6.35366	0.0028	0.0241	GGAGGTA
1-HAAGGCA	STREME-1	chr3	64020539	64020545	-	5.90244	0.0036	0.0306	GTTGGCA
1-HAAGGCA	STREME-1	chr3	97739359	97739365	-	5.90244	0.0036	0.0306	GTTGGCA
1-HAAGGCA	STREME-1	chr1	160221883	160221889	-	5.81707	0.00375	0.0318	TGTGGTA
1-HAAGGCA	STREME-1	chr9	32263535	32263541	-	5.37805	0.00421	0.0346	TGAGGTC
1-HAAGGCA	STREME-1	chr9	32263535	32263541	-	5.37805	0.00421	0.0346	TGAGGTC
1-HAAGGCA	STREME-1	chr9	32263535	32263541	-	5.37805	0.00421	0.0346	TGAGGTC
1-HAAGGCA	STREME-1	chr9	32263535	32263541	-	5.37805	0.00421	0.0346	TGAGGTC
1-HAAGGCA	STREME-1	chr9	32263535	32263541	-	5.37805	0.00421	0.0346	TGAGGTC
1-HAAGGCA	STREME-1	chr19	18934133	18934139	-	5.30488	0.00432	0.035	AAATGCA
1-HAAGGCA	STREME-1	chr15	7196762	7196768	-	5.20732	0.0044	0.035	TAATGCA
1-HAAGGCA	STREME-1	chr7	12494650	12494656	-	5.20732	0.0044	0.035	TAATGCA
1-HAAGGCA	STREME-1	chr19	32824904	32824910	-	5.20732	0.0044	0.035	TAATGCA
1-HAAGGCA	STREME-1	chr19	32824904	32824910	-	5.20732	0.0044	0.035	TAATGCA
1-HAAGGCA	STREME-1	chr13	48879722	48879728	-	5.20732	0.0044	0.035	TAATGCA
1-HAAGGCA	STREME-1	chr1	151821145	151821151	-	5.08537	0.00474	0.0372	TCAGGTA
1-HAAGGCA	STREME-1	chr1	151821145	151821151	-	5.08537	0.00474	0.0372	TCAGGTA
1-HAAGGCA	STREME-1	chr16	16422268	16422274	-	4.82927	0.00513	0.0396	CCAGGTA
1-HAAGGCA	STREME-1	chr16	16422268	16422274	-	4.82927	0.00513	0.0396	CCAGGTA
1-HAAGGCA	STREME-1	chr16	16422268	16422274	-	4.82927	0.00513	0.0396	CCAGGTA
1-HAAGGCA	STREME-1	chr13	97127917	97127923	-	4.59756	0.00546	0.0416	GGAGGTC
1-HAAGGCA	STREME-1	chr13	97127917	97127923	-	4.59756	0.00546	0.0416	GGAGGTC
1-HAAGGCA	STREME-1	chr13	97127917	97127923	-	4.59756	0.00546	0.0416	GGAGGTC
1-HAAGGCA	STREME-1	chr9	32263410	32263416	-	4.26829	0.00591	0.0445	TAAGGCT
1-HAAGGCA	STREME-1	chr9	32263799	32263805	-	4.26829	0.00591	0.0445	TAAGGCT
1-HAAGGCA	STREME-1	chr10	111294189	111294195	-	3.89024	0.00665	0.0495	TATTGCA
1-HAAGGCA	STREME-1	chr10	111294189	111294195	-	3.89024	0.00665	0.0495	TATTGCA
1-HAAGGCA	STREME-1	chr2	120860847	120860853	-	3.4878	0.00716	0.053	GAAGGCT
1-HAAGGCA	STREME-1	chr3	40790504	40790510	-	2.95122	0.0085	0.0623	TATGGCT
1-HAAGGCA	STREME-1	chr13	83665323	83665329	-	2.95122	0.0085	0.0623	TATGGCT
1-HAAGGCA	STREME-1	chr19	27334975	27334981	+	2.78049	0.00877	0.064	CTATGCA
1-HAAGGCA	STREME-1	chr6	38508179	38508185	-	2.29268	0.00941	0.0679	AAAGGTT
1-HAAGGCA	STREME-1	chr6	38508179	38508185	-	2.29268	0.00941	0.0679	AAAGGTT
1-HAAGGCA	STREME-1	chr11	89038680	89038686	+	0.963415	0.013	0.0934	TTATGTA
1-HAAGGCA	STREME-1	chr10	118855883	118855889	+	0.853659	0.0135	0.0959	TGTTGTA
1-HAAGGCA	STREME-1	chr19	27336053	27336059	-	0.780488	0.0136	0.0959	TTTGGCT
1-HAAGGCA	STREME-1	chr19	27336053	27336059	-	0.780488	0.0136	0.0959	TTTGGCT
1-HAAGGCA	STREME-1	chr9	32263398	32263404	+	0.182927	0.0146	0.102	GTATGTA
1-HAAGGCA	STREME-1	chr10	118855833	118855839	+	0.182927	0.0146	0.102	GTATGTA
1-HAAGGCA	STREME-1	chr11	77536765	77536771	-	0	0.0154	0.108	GTTGGCT
1-HAAGGCA	STREME-1	chr2	181856671	181856677	+	-0.780488	0.0169	0.117	ACTTGCC
1-HAAGGCA	STREME-1	chrX	85631526	85631532	-	-0.914634	0.0176	0.121	TACGGCA
1-HAAGGCA	STREME-1	chr11	77531777	77531783	-	-1.20732	0.0185	0.127	TAAGGAA
1-HAAGGCA	STREME-1	chr10	85116337	85116343	-	-1.57317	0.0198	0.136	TAAGACA
1-HAAGGCA	STREME-1	chr2	102301605	102301611	-	-1.9878	0.0213	0.145	GAAGGAA
1-HAAGGCA	STREME-1	chr1	160221908	160221914	-	-2.17073	0.022	0.149	TGAGGAA
1-HAAGGCA	STREME-1	chr16	56272465	56272471	-	-2.39024	0.0227	0.152	AGAAGCA
1-HAAGGCA	STREME-1	chr16	56272465	56272471	-	-2.39024	0.0227	0.152	AGAAGCA
1-HAAGGCA	STREME-1	chr19	27334963	27334969	+	-2.67073	0.0242	0.161	AAATGTT
1-HAAGGCA	STREME-1	chr1	151821036	151821042	+	-2.67073	0.0242	0.161	AAATGTT
1-HAAGGCA	STREME-1	chr1	151821111	151821117	+	-2.76829	0.0246	0.162	TAATGTT
1-HAAGGCA	STREME-1	chr1	58526632	58526638	-	-2.79268	0.0249	0.164	AATGACA
1-HAAGGCA	STREME-1	chr1	80265968	80265974	-	-3.26829	0.0283	0.185	GGAAGCA
1-HAAGGCA	STREME-1	chr9	32263556	32263562	+	-3.54878	0.0303	0.196	GAATGTT
1-HAAGGCA	STREME-1	chr2	102303157	102303163	+	-3.54878	0.0303	0.196	GAATGTT
1-HAAGGCA	STREME-1	chr6	38508154	38508160	-	-3.59756	0.0306	0.197	TAAAGTA
1-HAAGGCA	STREME-1	chr6	38508154	38508160	-	-3.59756	0.0306	0.197	TAAAGTA
1-HAAGGCA	STREME-1	chr2	181856639	181856645	+	-3.7561	0.033	0.211	TAAGCTA
1-HAAGGCA	STREME-1	chr10	118855762	118855768	-	-4.4878	0.0391	0.249	ACAGTCA
1-HAAGGCA	STREME-1	chr1	160221919	160221925	-	-4.53659	0.0398	0.251	TCAAGCA
1-HAAGGCA	STREME-1	chr1	160221919	160221925	-	-4.53659	0.0398	0.251	TCAAGCA
1-HAAGGCA	STREME-1	chrX	142082108	142082114	-	-4.60976	0.041	0.253	TGAGATA
1-HAAGGCA	STREME-1	chrX	142082108	142082114	-	-4.60976	0.041	0.253	TGAGATA
1-HAAGGCA	STREME-1	chrX	142082108	142082114	-	-4.60976	0.041	0.253	TGAGATA
1-HAAGGCA	STREME-1	chrX	142082111	142082117	-	-4.60976	0.041	0.253	TGAGATA
1-HAAGGCA	STREME-1	chr1	160221954	160221960	-	-4.60976	0.041	0.253	TGAGTTA
1-HAAGGCA	STREME-1	chr9	66043355	66043361	-	-4.64634	0.0415	0.255	TATGACC
1-HAAGGCA	STREME-1	chr7	120733273	120733279	-	-5.06098	0.0462	0.283	TTTGACA
1-HAAGGCA	STREME-1	chr13	97128699	97128705	+	-5.17073	0.0472	0.288	TTTGCCA
1-HAAGGCA	STREME-1	chr2	6543550	6543556	-	-5.42683	0.0501	0.304	TGTGGTG
1-HAAGGCA	STREME-1	chr6	143204723	143204729	-	-5.78049	0.0542	0.327	AAGTGCA
1-HAAGGCA	STREME-1	chr16	32388065	32388071	-	-5.87805	0.0559	0.335	TAGTGCA
1-HAAGGCA	STREME-1	chr6	143204787	143204793	-	-5.87805	0.0559	0.335	TAGTGCA
1-HAAGGCA	STREME-1	chr8	13419939	13419945	-	-6.60976	0.0639	0.372	TCAAGTA
1-HAAGGCA	STREME-1	chr16	32389423	32389429	-	-6.60976	0.0639	0.372	TCAAGTA
1-HAAGGCA	STREME-1	chr16	32389423	32389429	-	-6.60976	0.0639	0.372	TCAAGTA
1-HAAGGCA	STREME-1	chr19	60835531	60835537	-	-6.60976	0.0639	0.372	TCAAGTA
1-HAAGGCA	STREME-1	chr19	60835531	60835537	-	-6.60976	0.0639	0.372	TCAAGTA
1-HAAGGCA	STREME-1	chr1	66439826	66439832	-	-6.60976	0.0639	0.372	TCAAGTA
1-HAAGGCA	STREME-1	chr1	66439826	66439832	-	-6.60976	0.0639	0.372	TCAAGTA
1-HAAGGCA	STREME-1	chr3	97739311	97739317	+	-6.71951	0.0661	0.377	AAGGGCT
1-HAAGGCA	STREME-1	chr18	46588239	46588245	-	-6.7439	0.0663	0.377	AGCTGCA
1-HAAGGCA	STREME-1	chrX	160798576	160798582	-	-6.7439	0.0663	0.377	AGCTGCA
1-HAAGGCA	STREME-1	chr1	170197799	170197805	+	-6.79268	0.067	0.377	GCTGCCA
1-HAAGGCA	STREME-1	chr1	170197799	170197805	+	-6.79268	0.067	0.377	GCTGCCA
1-HAAGGCA	STREME-1	chr1	170197799	170197805	+	-6.79268	0.067	0.377	GCTGCCA
1-HAAGGCA	STREME-1	chr11	74677241	74677247	+	-6.81707	0.0675	0.377	TAGGGCT
1-HAAGGCA	STREME-1	chr3	22213825	22213831	+	-6.84146	0.0677	0.377	TGGTGCA
1-HAAGGCA	STREME-1	chr10	118855774	118855780	+	-6.84146	0.0677	0.377	TGCTGCA
1-HAAGGCA	STREME-1	chr7	120733260	120733266	+	-6.84146	0.0677	0.377	TGGTGCA
1-HAAGGCA	STREME-1	chr7	120733260	120733266	+	-6.84146	0.0677	0.377	TGGTGCA
1-HAAGGCA	STREME-1	chr2	181856670	181856676	-	-7.39024	0.0731	0.405	GCAAGTA
1-HAAGGCA	STREME-1	chr18	46588240	46588246	+	-7.54878	0.0757	0.418	GCAGCTA
1-HAAGGCA	STREME-1	chr11	51601270	51601276	-	-7.68293	0.0778	0.428	TGTGTTC
1-HAAGGCA	STREME-1	chr9	32263394	32263400	+	-7.95122	0.0817	0.444	TACTGTA
1-HAAGGCA	STREME-1	chr9	32263394	32263400	+	-7.95122	0.0817	0.444	TACTGTA
1-HAAGGCA	STREME-1	chr16	32388198	32388204	+	-7.95122	0.0817	0.444	TACTGTA
1-HAAGGCA	STREME-1	chr19	23727411	23727417	+	-7.9878	0.0822	0.444	ACTGCTA
1-HAAGGCA	STREME-1	chr15	3983733	3983739	-	-8.04878	0.0829	0.444	TTGTGCA
1-HAAGGCA	STREME-1	chr15	3983733	3983739	-	-8.04878	0.0829	0.444	TTGTGCA
1-HAAGGCA	STREME-1	chr8	34830583	34830589	-	-8.04878	0.0829	0.444	TTGTGCA
1-HAAGGCA	STREME-1	chr11	74677183	74677189	+	-8.34146	0.0862	0.46	CCTGCTA
1-HAAGGCA	STREME-1	chr11	6473159	6473165	+	-8.5	0.0885	0.471	AGCTGCC
1-HAAGGCA	STREME-1	chr11	74677196	74677202	+	-8.59756	0.0896	0.475	TGGTGCC
1-HAAGGCA	STREME-1	chr10	118855763	118855769	+	-8.73171	0.0919	0.482	GACTGTA
1-HAAGGCA	STREME-1	chr15	3983747	3983753	+	-8.86585	0.0945	0.482	GCTGCTA
1-HAAGGCA	STREME-1	chr15	3983747	3983753	+	-8.86585	0.0945	0.482	GCTGCTA
1-HAAGGCA	STREME-1	chr15	3983747	3983753	+	-8.86585	0.0945	0.482	GCTGCTA
1-HAAGGCA	STREME-1	chr15	3983747	3983753	+	-8.86585	0.0945	0.482	GCTGCTA
1-HAAGGCA	STREME-1	chr7	35582266	35582272	+	-8.86585	0.0945	0.482	GCTGCTA
1-HAAGGCA	STREME-1	chr3	97739272	97739278	+	-8.86585	0.0945	0.482	GCTGCTA
1-HAAGGCA	STREME-1	chr1	170197824	170197830	+	-8.86585	0.0945	0.482	GCTGCTA
1-HAAGGCA	STREME-1	chr1	170197824	170197830	+	-8.86585	0.0945	0.482	GCTGCTA
1-HAAGGCA	STREME-1	chr1	170197824	170197830	+	-8.86585	0.0945	0.482	GCTGCTA
1-HAAGGCA	STREME-1	chr10	118855812	118855818	+	-8.89024	0.0952	0.482	GAATGTG
1-HAAGGCA	STREME-1	chr4	155558563	155558569	+	-8.91463	0.0955	0.482	TGCTGTA
1-HAAGGCA	STREME-1	chr4	155558563	155558569	+	-8.91463	0.0955	0.482	TGCTGTA
1-HAAGGCA	STREME-1	chr11	6473158	6473164	-	-9.30488	0.0998	0.503	GCAGCTC

# FIMO (Find Individual Motif Occurrences): Version 5.5.9 compiled on Nov 21 2025 at 19:28:56
# The format of this file is described at https://meme-suite.org/meme/doc/fimo-output-format.html#tsv_results.
# fimo --oc . --verbosity 1 --bgfile --nrdb-- --thresh 0.1 motif_number_1_from_3-720seed20motifs.html.txt seedSeqDownregulated.fasta
